content_area,avg_cert_rate,avg_placement,avg_salary
Cybersecurity,0.5034246575342466,19.0,158054.0
Data/Analytics,0.5633608815426998,15.63,131417.475
Marketing,0.634180790960452,8.0,83681.0
Other,0.5095029239766082,19.0,117712.0
Programming,0.4642857142857143,11.0,153690.0
Soft Skills,0.5960199004975124,19.0,180455.0
Web/Cloud,0.4891136801541425,11.160409556313994,138603.4948805461
