GTS_TRAINING_OFFER_TYPE,avg_cert_rate,avg_placement,avg_salary
Full-time,0.49237472766884527,14.065040650406504,138836.3150406504
Part-time,0.5592995169082126,13.693396226415095,136866.5966981132
Self-paced,0.5184707903780068,13.451807228915662,133161.6987951807
