duration_category,avg_cert_rate,avg_placement,avg_salary
Short,0.5195544554455446,14.386018237082068,137609.94984802432
Medium,0.5123376623376623,14.3,139400.70285714287
Long,0.5621657754010695,13.710280373831775,137555.8551401869
