GTS_USER_GENDER,avg_self_rating,avg_chakuri_rating,avg_external_rating,n_users
Male,2.9738805970149254,3.0111940298507465,2.8843283582089554,175
Female,2.8085106382978724,3.0406189555125724,2.8568665377176017,171
